{"stats":{"minecraft:custom":{"minecraft:mob_kills":29,"minecraft:interact_with_crafting_table":25,"minecraft:bell_ring":27,"minecraft:leave_game":1,"minecraft:time_since_death":111387,"minecraft:sprint_one_cm":65683,"minecraft:walk_one_cm":502026,"minecraft:damage_blocked_by_shield":2448,"minecraft:drop":16,"minecraft:talked_to_villager":10,"minecraft:play_time":131188,"minecraft:deaths":1,"minecraft:sneak_time":6283,"minecraft:walk_under_water_one_cm":961,"minecraft:jump":1623,"minecraft:walk_on_water_one_cm":3129,"minecraft:total_world_time":131188,"minecraft:interact_with_furnace":48,"minecraft:sleep_in_bed":1,"minecraft:time_since_rest":111422,"minecraft:damage_taken":2122,"minecraft:damage_dealt":6199,"minecraft:player_kills":3,"minecraft:fly_one_cm":172109,"minecraft:open_chest":7,"minecraft:crouch_one_cm":14221,"minecraft:fall_one_cm":32956},"minecraft:crafted":{"minecraft:oak_planks":44,"minecraft:tripwire_hook":2,"minecraft:spyglass":1,"minecraft:furnace":1,"minecraft:flint_and_steel":1,"minecraft:iron_boots":1,"minecraft:stone_pickaxe":2,"minecraft:chest":1,"minecraft:stone_hoe":1,"minecraft:wheat":135,"minecraft:cooked_beef":1,"minecraft:crossbow":1,"minecraft:crafting_table":1,"minecraft:wooden_pickaxe":2,"minecraft:iron_helmet":1,"minecraft:iron_sword":1,"minecraft:copper_ingot":6,"minecraft:bucket":1,"minecraft:stone_axe":1,"minecraft:bread":45,"minecraft:air":0,"minecraft:iron_chestplate":1,"minecraft:diamond_pickaxe":1,"minecraft:shield":2,"minecraft:stick":36,"minecraft:iron_ingot":52,"minecraft:iron_pickaxe":1,"minecraft:wooden_axe":1,"minecraft:iron_leggings":1,"minecraft:torch":52},"minecraft:mined":{"minecraft:tuff":2,"minecraft:deepslate_diamond_ore":6,"minecraft:obsidian":10,"minecraft:glow_lichen":1,"minecraft:granite":2,"minecraft:grass_block":16,"minecraft:hay_block":21,"minecraft:furnace":6,"minecraft:carrots":4,"minecraft:iron_ore":48,"minecraft:cobbled_deepslate":1,"minecraft:fire":2,"minecraft:andesite":38,"minecraft:deepslate_iron_ore":30,"minecraft:stone":112,"minecraft:amethyst_cluster":2,"minecraft:crafting_table":14,"minecraft:torch":6,"minecraft:short_grass":10,"minecraft:copper_ore":6,"minecraft:tall_grass":2,"minecraft:cobblestone":2,"minecraft:deepslate_gold_ore":1,"minecraft:oak_planks":31,"minecraft:diorite":1,"minecraft:oak_log":11,"minecraft:coal_ore":43,"minecraft:gravel":39,"minecraft:dripstone_block":1,"minecraft:dirt":1,"minecraft:cobweb":1,"minecraft:netherrack":32,"minecraft:gold_ore":15,"minecraft:oak_leaves":16,"minecraft:deepslate":93},"minecraft:picked_up":{"minecraft:wooden_axe":1,"minecraft:crafting_table":17,"minecraft:wheat":27,"minecraft:string":3,"minecraft:raw_copper":22,"minecraft:cobbled_deepslate":97,"minecraft:beef":4,"minecraft:furnace":6,"minecraft:raw_iron":78,"minecraft:stick":2,"minecraft:torch":8,"minecraft:porkchop":2,"minecraft:pointed_dripstone":2,"minecraft:diorite":2,"minecraft:carrot":13,"minecraft:arrow":9,"minecraft:rotten_flesh":20,"minecraft:hay_block":22,"minecraft:obsidian":10,"minecraft:cobblestone":143,"minecraft:white_wool":11,"minecraft:andesite":52,"minecraft:leather":3,"minecraft:potato":21,"minecraft:flint":3,"minecraft:tuff":2,"minecraft:oak_log":11,"minecraft:dirt":18,"minecraft:bone":6,"minecraft:wheat_seeds":9,"minecraft:raw_gold":16,"minecraft:iron_ingot":17,"minecraft:oak_planks":43,"minecraft:gravel":41,"minecraft:dripstone_block":4,"minecraft:amethyst_shard":8,"minecraft:spider_eye":1,"minecraft:diamond":6,"minecraft:granite":2,"minecraft:oak_sapling":5,"minecraft:netherrack":32,"minecraft:coal":111},"minecraft:broken":{"minecraft:stone_pickaxe":1},"minecraft:killed_by":{"minecraft:player":1},"minecraft:dropped":{"minecraft:bread":23,"minecraft:dripstone_block":3,"minecraft:granite":2,"minecraft:dirt":1,"minecraft:white_wool":11,"minecraft:gravel":35,"minecraft:raw_copper":4,"minecraft:tuff":2,"minecraft:pointed_dripstone":1,"minecraft:andesite":2,"minecraft:oak_sapling":3,"minecraft:spider_eye":1,"minecraft:wooden_pickaxe":1},"minecraft:killed":{"minecraft:spider":2,"minecraft:skeleton":3,"minecraft:pig":1,"minecraft:iron_golem":1,"minecraft:creeper":1,"minecraft:zombie":18,"minecraft:cow":1},"minecraft:used":{"minecraft:flint_and_steel":19,"minecraft:shield":42,"minecraft:chest":1,"minecraft:iron_sword":66,"minecraft:stone_hoe":5,"minecraft:rotten_flesh":7,"minecraft:netherrack":26,"minecraft:torch":60,"minecraft:dirt":17,"minecraft:spyglass":11,"minecraft:carrot":13,"minecraft:obsidian":10,"minecraft:wooden_axe":7,"minecraft:lava_bucket":1,"minecraft:iron_helmet":1,"minecraft:iron_boots":1,"minecraft:beef":3,"minecraft:hay_block":7,"minecraft:furnace":6,"minecraft:cooked_beef":1,"minecraft:potato":3,"minecraft:cobbled_deepslate":66,"minecraft:iron_leggings":1,"minecraft:water_bucket":9,"minecraft:stone_pickaxe":209,"minecraft:wooden_pickaxe":10,"minecraft:crafting_table":16,"minecraft:dripstone_block":1,"minecraft:diamond_pickaxe":11,"minecraft:bread":27,"minecraft:iron_pickaxe":222,"minecraft:gravel":6,"minecraft:stone_axe":65,"minecraft:cobblestone":43,"minecraft:porkchop":2,"minecraft:andesite":39,"minecraft:bucket":11}},"DataVersion":3955}