{"stats":{"minecraft:crafted":{"minecraft:oak_planks":40,"minecraft:crafting_table":1,"minecraft:iron_helmet":1,"minecraft:furnace":4,"minecraft:bucket":2,"minecraft:stone_axe":1,"minecraft:cooked_mutton":21,"minecraft:air":0,"minecraft:flint_and_steel":1,"minecraft:iron_boots":1,"minecraft:iron_chestplate":1,"minecraft:charcoal":6,"minecraft:shield":1,"minecraft:stick":28,"minecraft:iron_ingot":38,"minecraft:iron_pickaxe":2,"minecraft:stone_pickaxe":2,"minecraft:gold_ingot":3,"minecraft:iron_leggings":1,"minecraft:torch":72},"minecraft:custom":{"minecraft:interact_with_furnace":45,"minecraft:mob_kills":30,"minecraft:interact_with_crafting_table":23,"minecraft:leave_game":2,"minecraft:time_since_death":11094,"minecraft:time_since_rest":11167,"minecraft:sprint_one_cm":250787,"minecraft:damage_taken":5562,"minecraft:walk_one_cm":194550,"minecraft:damage_blocked_by_shield":2245,"minecraft:drop":3,"minecraft:damage_dealt":4705,"minecraft:swim_one_cm":7637,"minecraft:player_kills":1,"minecraft:fly_one_cm":339926,"minecraft:open_chest":14,"minecraft:crouch_one_cm":10372,"minecraft:play_time":129545,"minecraft:deaths":15,"minecraft:sneak_time":5466,"minecraft:walk_under_water_one_cm":5889,"minecraft:jump":2021,"minecraft:walk_on_water_one_cm":29091,"minecraft:total_world_time":129545,"minecraft:fall_one_cm":88864},"minecraft:mined":{"minecraft:deepslate_redstone_ore":1,"minecraft:white_bed":1,"minecraft:deepslate_diamond_ore":7,"minecraft:crafting_table":4,"minecraft:torch":4,"minecraft:granite":7,"minecraft:short_grass":53,"minecraft:grass_block":5,"minecraft:tall_grass":22,"minecraft:cobblestone":7,"minecraft:oak_planks":3,"minecraft:diorite":4,"minecraft:wall_torch":1,"minecraft:spawner":1,"minecraft:hay_block":1,"minecraft:iron_ore":78,"minecraft:andesite":35,"minecraft:oak_log":19,"minecraft:pointed_dripstone":7,"minecraft:coal_ore":35,"minecraft:dirt_path":1,"minecraft:deepslate_iron_ore":8,"minecraft:gravel":15,"minecraft:dripstone_block":6,"minecraft:dirt":4,"minecraft:stone":199,"minecraft:gold_ore":3,"minecraft:oak_leaves":3,"minecraft:deepslate":59},"minecraft:picked_up":{"minecraft:wooden_axe":1,"minecraft:iron_chestplate":6,"minecraft:crafting_table":3,"minecraft:wheat":27,"minecraft:feather":4,"minecraft:chicken":3,"minecraft:glow_ink_sac":8,"minecraft:andesite":27,"minecraft:leather":1,"minecraft:wooden_pickaxe":3,"minecraft:potato":21,"minecraft:flint":2,"minecraft:oak_log":24,"minecraft:chainmail_chestplate":1,"minecraft:shield":3,"minecraft:string":9,"minecraft:dirt":24,"minecraft:iron_leggings":5,"minecraft:cooked_mutton":15,"minecraft:bone":7,"minecraft:apple":7,"minecraft:wheat_seeds":8,"minecraft:cobbled_deepslate":58,"minecraft:raw_gold":15,"minecraft:stone_pickaxe":5,"minecraft:iron_ingot":2,"minecraft:beef":3,"minecraft:iron_pickaxe":6,"minecraft:oak_planks":72,"minecraft:stick":2,"minecraft:raw_iron":171,"minecraft:torch":36,"minecraft:gravel":12,"minecraft:dripstone_block":13,"minecraft:pointed_dripstone":21,"minecraft:diorite":10,"minecraft:white_bed":4,"minecraft:redstone":4,"minecraft:spider_eye":4,"minecraft:arrow":18,"minecraft:rotten_flesh":11,"minecraft:diamond":7,"minecraft:stone_axe":5,"minecraft:hay_block":1,"minecraft:granite":25,"minecraft:chainmail_helmet":1,"minecraft:bread":100,"minecraft:oak_sapling":10,"minecraft:mutton":63,"minecraft:coal":37,"minecraft:white_wool":22,"minecraft:cobblestone":376},"minecraft:killed_by":{"minecraft:player":3,"minecraft:skeleton":6,"minecraft:creeper":1,"minecraft:zombie":2},"minecraft:dropped":{"minecraft:wheat_seeds":1,"minecraft:feather":1,"minecraft:rotten_flesh":1},"minecraft:broken":{"minecraft:stone_pickaxe":1},"minecraft:killed":{"minecraft:spider":3,"minecraft:creeper":1,"minecraft:skeleton":7,"minecraft:sheep":12,"minecraft:zombie":5,"minecraft:chicken":1,"minecraft:cow":1},"minecraft:used":{"minecraft:cooked_mutton":11,"minecraft:water_bucket":33,"minecraft:diorite":2,"minecraft:flint_and_steel":3,"minecraft:stone_pickaxe":162,"minecraft:oak_planks":9,"minecraft:shield":44,"minecraft:wooden_pickaxe":33,"minecraft:iron_chestplate":2,"minecraft:torch":73,"minecraft:dirt":7,"minecraft:crafting_table":3,"minecraft:white_bed":1,"minecraft:dripstone_block":3,"minecraft:oak_log":1,"minecraft:wooden_axe":3,"minecraft:lava_bucket":10,"minecraft:apple":5,"minecraft:bread":15,"minecraft:iron_pickaxe":271,"minecraft:iron_helmet":1,"minecraft:iron_boots":1,"minecraft:gravel":4,"minecraft:stone_axe":74,"minecraft:cobblestone":114,"minecraft:oak_sapling":3,"minecraft:furnace":4,"minecraft:bucket":45,"minecraft:andesite":17,"minecraft:cobbled_deepslate":44,"minecraft:iron_leggings":1}},"DataVersion":3955}